[{"model": "admin.logentry", "pk": 1, "fields": {"action_time": "2024-12-28T16:04:12.900Z", "user": 1, "content_type": 6, "object_id": "2", "object_repr": "any@gmail.com", "action_flag": 1, "change_message": "[{\"added\": {}}]"}}, {"model": "admin.logentry", "pk": 2, "fields": {"action_time": "2024-12-28T16:04:21.171Z", "user": 1, "content_type": 6, "object_id": "2", "object_repr": "any@gmail.com", "action_flag": 2, "change_message": "[]"}}, {"model": "admin.logentry", "pk": 3, "fields": {"action_time": "2024-12-29T22:10:29.298Z", "user": 1, "content_type": 9, "object_id": "11", "object_repr": "test", "action_flag": 3, "change_message": ""}}, {"model": "admin.logentry", "pk": 4, "fields": {"action_time": "2024-12-29T22:10:35.678Z", "user": 1, "content_type": 9, "object_id": "10", "object_repr": "Al bulk", "action_flag": 3, "change_message": ""}}, {"model": "admin.logentry", "pk": 5, "fields": {"action_time": "2024-12-29T22:10:42.054Z", "user": 1, "content_type": 9, "object_id": "9", "object_repr": "ath", "action_flag": 3, "change_message": ""}}, {"model": "admin.logentry", "pk": 6, "fields": {"action_time": "2024-12-29T22:10:48.438Z", "user": 1, "content_type": 9, "object_id": "8", "object_repr": "tho", "action_flag": 3, "change_message": ""}}, {"model": "admin.logentry", "pk": 7, "fields": {"action_time": "2024-12-29T22:11:08.446Z", "user": 1, "content_type": 9, "object_id": "7", "object_repr": "noon", "action_flag": 2, "change_message": "[{\"changed\": {\"fields\": [\"Supervisor\"]}}]"}}, {"model": "admin.logentry", "pk": 8, "fields": {"action_time": "2024-12-29T22:59:50.348Z", "user": 1, "content_type": 9, "object_id": "12", "object_repr": "ath", "action_flag": 3, "change_message": ""}}, {"model": "admin.logentry", "pk": 9, "fields": {"action_time": "2025-01-04T01:32:41.162Z", "user": 1, "content_type": 6, "object_id": "7", "object_repr": "ath (hospital)", "action_flag": 3, "change_message": ""}}, {"model": "admin.logentry", "pk": 10, "fields": {"action_time": "2025-01-04T01:32:54.139Z", "user": 1, "content_type": 6, "object_id": "8", "object_repr": "Al bulk (hospital)", "action_flag": 3, "change_message": ""}}, {"model": "admin.logentry", "pk": 11, "fields": {"action_time": "2025-01-04T01:33:01.402Z", "user": 1, "content_type": 6, "object_id": "3", "object_repr": "noon (hospital)", "action_flag": 3, "change_message": ""}}, {"model": "admin.logentry", "pk": 12, "fields": {"action_time": "2025-01-04T01:33:08.557Z", "user": 1, "content_type": 6, "object_id": "9", "object_repr": "test (hospital)", "action_flag": 3, "change_message": ""}}, {"model": "admin.logentry", "pk": 13, "fields": {"action_time": "2025-01-04T01:33:18.685Z", "user": 1, "content_type": 6, "object_id": "6", "object_repr": "tho (hospital)", "action_flag": 3, "change_message": ""}}, {"model": "admin.logentry", "pk": 14, "fields": {"action_time": "2025-01-08T04:11:13.708Z", "user": 1, "content_type": 6, "object_id": "1", "object_repr": "Ruba, rubasalih900@gmail.com", "action_flag": 2, "change_message": "[{\"changed\": {\"fields\": [\"Name\"]}}]"}}, {"model": "auth.permission", "pk": 1, "fields": {"name": "Can add log entry", "content_type": 1, "codename": "add_logentry"}}, {"model": "auth.permission", "pk": 2, "fields": {"name": "Can change log entry", "content_type": 1, "codename": "change_logentry"}}, {"model": "auth.permission", "pk": 3, "fields": {"name": "Can delete log entry", "content_type": 1, "codename": "delete_logentry"}}, {"model": "auth.permission", "pk": 4, "fields": {"name": "Can view log entry", "content_type": 1, "codename": "view_logentry"}}, {"model": "auth.permission", "pk": 5, "fields": {"name": "Can add permission", "content_type": 2, "codename": "add_permission"}}, {"model": "auth.permission", "pk": 6, "fields": {"name": "Can change permission", "content_type": 2, "codename": "change_permission"}}, {"model": "auth.permission", "pk": 7, "fields": {"name": "Can delete permission", "content_type": 2, "codename": "delete_permission"}}, {"model": "auth.permission", "pk": 8, "fields": {"name": "Can view permission", "content_type": 2, "codename": "view_permission"}}, {"model": "auth.permission", "pk": 9, "fields": {"name": "Can add group", "content_type": 3, "codename": "add_group"}}, {"model": "auth.permission", "pk": 10, "fields": {"name": "Can change group", "content_type": 3, "codename": "change_group"}}, {"model": "auth.permission", "pk": 11, "fields": {"name": "Can delete group", "content_type": 3, "codename": "delete_group"}}, {"model": "auth.permission", "pk": 12, "fields": {"name": "Can view group", "content_type": 3, "codename": "view_group"}}, {"model": "auth.permission", "pk": 13, "fields": {"name": "Can add content type", "content_type": 4, "codename": "add_contenttype"}}, {"model": "auth.permission", "pk": 14, "fields": {"name": "Can change content type", "content_type": 4, "codename": "change_contenttype"}}, {"model": "auth.permission", "pk": 15, "fields": {"name": "Can delete content type", "content_type": 4, "codename": "delete_contenttype"}}, {"model": "auth.permission", "pk": 16, "fields": {"name": "Can view content type", "content_type": 4, "codename": "view_contenttype"}}, {"model": "auth.permission", "pk": 17, "fields": {"name": "Can add session", "content_type": 5, "codename": "add_session"}}, {"model": "auth.permission", "pk": 18, "fields": {"name": "Can change session", "content_type": 5, "codename": "change_session"}}, {"model": "auth.permission", "pk": 19, "fields": {"name": "Can delete session", "content_type": 5, "codename": "delete_session"}}, {"model": "auth.permission", "pk": 20, "fields": {"name": "Can view session", "content_type": 5, "codename": "view_session"}}, {"model": "auth.permission", "pk": 21, "fields": {"name": "Can add supervisor", "content_type": 6, "codename": "add_supervisor"}}, {"model": "auth.permission", "pk": 22, "fields": {"name": "Can change supervisor", "content_type": 6, "codename": "change_supervisor"}}, {"model": "auth.permission", "pk": 23, "fields": {"name": "Can delete supervisor", "content_type": 6, "codename": "delete_supervisor"}}, {"model": "auth.permission", "pk": 24, "fields": {"name": "Can view supervisor", "content_type": 6, "codename": "view_supervisor"}}, {"model": "auth.permission", "pk": 25, "fields": {"name": "Can add disease", "content_type": 7, "codename": "add_disease"}}, {"model": "auth.permission", "pk": 26, "fields": {"name": "Can change disease", "content_type": 7, "codename": "change_disease"}}, {"model": "auth.permission", "pk": 27, "fields": {"name": "Can delete disease", "content_type": 7, "codename": "delete_disease"}}, {"model": "auth.permission", "pk": 28, "fields": {"name": "Can view disease", "content_type": 7, "codename": "view_disease"}}, {"model": "auth.permission", "pk": 29, "fields": {"name": "Can add disease statistics", "content_type": 8, "codename": "add_diseasestatistics"}}, {"model": "auth.permission", "pk": 30, "fields": {"name": "Can change disease statistics", "content_type": 8, "codename": "change_diseasestatistics"}}, {"model": "auth.permission", "pk": 31, "fields": {"name": "Can delete disease statistics", "content_type": 8, "codename": "delete_diseasestatistics"}}, {"model": "auth.permission", "pk": 32, "fields": {"name": "Can view disease statistics", "content_type": 8, "codename": "view_diseasestatistics"}}, {"model": "auth.permission", "pk": 33, "fields": {"name": "Can add hospital", "content_type": 9, "codename": "add_hospital"}}, {"model": "auth.permission", "pk": 34, "fields": {"name": "Can change hospital", "content_type": 9, "codename": "change_hospital"}}, {"model": "auth.permission", "pk": 35, "fields": {"name": "Can delete hospital", "content_type": 9, "codename": "delete_hospital"}}, {"model": "auth.permission", "pk": 36, "fields": {"name": "Can view hospital", "content_type": 9, "codename": "view_hospital"}}, {"model": "auth.permission", "pk": 37, "fields": {"name": "Can add state", "content_type": 10, "codename": "add_state"}}, {"model": "auth.permission", "pk": 38, "fields": {"name": "Can change state", "content_type": 10, "codename": "change_state"}}, {"model": "auth.permission", "pk": 39, "fields": {"name": "Can delete state", "content_type": 10, "codename": "delete_state"}}, {"model": "auth.permission", "pk": 40, "fields": {"name": "Can view state", "content_type": 10, "codename": "view_state"}}, {"model": "auth.permission", "pk": 41, "fields": {"name": "Can add case", "content_type": 11, "codename": "add_case"}}, {"model": "auth.permission", "pk": 42, "fields": {"name": "Can change case", "content_type": 11, "codename": "change_case"}}, {"model": "auth.permission", "pk": 43, "fields": {"name": "Can delete case", "content_type": 11, "codename": "delete_case"}}, {"model": "auth.permission", "pk": 44, "fields": {"name": "Can view case", "content_type": 11, "codename": "view_case"}}, {"model": "auth.permission", "pk": 45, "fields": {"name": "Can add Token", "content_type": 12, "codename": "add_token"}}, {"model": "auth.permission", "pk": 46, "fields": {"name": "Can change Token", "content_type": 12, "codename": "change_token"}}, {"model": "auth.permission", "pk": 47, "fields": {"name": "Can delete Token", "content_type": 12, "codename": "delete_token"}}, {"model": "auth.permission", "pk": 48, "fields": {"name": "Can view Token", "content_type": 12, "codename": "view_token"}}, {"model": "auth.permission", "pk": 49, "fields": {"name": "Can add Token", "content_type": 13, "codename": "add_tokenproxy"}}, {"model": "auth.permission", "pk": 50, "fields": {"name": "Can change Token", "content_type": 13, "codename": "change_tokenproxy"}}, {"model": "auth.permission", "pk": 51, "fields": {"name": "Can delete Token", "content_type": 13, "codename": "delete_tokenproxy"}}, {"model": "auth.permission", "pk": 52, "fields": {"name": "Can view Token", "content_type": 13, "codename": "view_tokenproxy"}}, {"model": "auth.permission", "pk": 53, "fields": {"name": "Can add hospital token", "content_type": 14, "codename": "add_hospitaltoken"}}, {"model": "auth.permission", "pk": 54, "fields": {"name": "Can change hospital token", "content_type": 14, "codename": "change_hospitaltoken"}}, {"model": "auth.permission", "pk": 55, "fields": {"name": "Can delete hospital token", "content_type": 14, "codename": "delete_hospitaltoken"}}, {"model": "auth.permission", "pk": 56, "fields": {"name": "Can view hospital token", "content_type": 14, "codename": "view_hospitaltoken"}}, {"model": "contenttypes.contenttype", "pk": 1, "fields": {"app_label": "admin", "model": "logentry"}}, {"model": "contenttypes.contenttype", "pk": 2, "fields": {"app_label": "auth", "model": "permission"}}, {"model": "contenttypes.contenttype", "pk": 3, "fields": {"app_label": "auth", "model": "group"}}, {"model": "contenttypes.contenttype", "pk": 4, "fields": {"app_label": "contenttypes", "model": "contenttype"}}, {"model": "contenttypes.contenttype", "pk": 5, "fields": {"app_label": "sessions", "model": "session"}}, {"model": "contenttypes.contenttype", "pk": 6, "fields": {"app_label": "supervisor", "model": "supervisor"}}, {"model": "contenttypes.contenttype", "pk": 7, "fields": {"app_label": "disease", "model": "disease"}}, {"model": "contenttypes.contenttype", "pk": 8, "fields": {"app_label": "disease_statistics", "model": "diseasestatistics"}}, {"model": "contenttypes.contenttype", "pk": 9, "fields": {"app_label": "hospital", "model": "hospital"}}, {"model": "contenttypes.contenttype", "pk": 10, "fields": {"app_label": "state", "model": "state"}}, {"model": "contenttypes.contenttype", "pk": 11, "fields": {"app_label": "case", "model": "case"}}, {"model": "contenttypes.contenttype", "pk": 12, "fields": {"app_label": "authtoken", "model": "token"}}, {"model": "contenttypes.contenttype", "pk": 13, "fields": {"app_label": "authtoken", "model": "tokenproxy"}}, {"model": "contenttypes.contenttype", "pk": 14, "fields": {"app_label": "hospital", "model": "hospitaltoken"}}, {"model": "sessions.session", "pk": "0dgjnob8pi0r27fes3ul8xrmcfzuylk1", "fields": {"session_data": "e30:1tTaTG:BZAjUtwuvUo0sEtboRobV8FcqLy5lcCQc5qV4-6NnGY", "expire_date": "2025-01-17T05:43:42.854Z"}}, {"model": "sessions.session", "pk": "6ztcaopeztz3h9rllqsxu74kid15qyk2", "fields": {"session_data": ".eJxVTUsKwjAQvUvWUjJpPo1Lr-ABwiQzoUWwpWndiHd3CiK6eIv3f6qE-zamvfGaJlJnBer0q2UsN74fRtsXXh9Tm9fusLvrl18-mb_iiG2UVq3EGTRyb9lr5zIJXPYlsqeBauDBEPXe9Y7B1sIWwRSKAFB0KEVGcZnSNsuDzNmsa0DU2pAZamYSAYNwH72FEK3jCJy9er0B8ShGLg:1tTCWn:s6L93J3yEhq-WgKksJafAaH5FSF3T6XUT4DYN63m2bs", "expire_date": "2025-01-16T04:09:45.945Z"}}, {"model": "sessions.session", "pk": "egqnuc9h56etfnucgrdzvmaqhcbz4g8f", "fields": {"session_data": ".eJxVjc0KwjAQhN8lZym7-dkkHn0FHyBs0i0tgi1N60V8d1MQUdjL7Mx881SJ921Me5U1Tb06K1Sn31_mcpP7YdR9kfUx1XntDru7fvXlk_krjlzH1gKjBQU1hYGssLZDiSZrH6xBNp4LRKtlACwAJYhjhzqTtuAtxXYNysuUtrktNBwVWzyTkUwiDdiHkl1PgYAIEUCydSEyqtcbKI9D9g:1tV8oy:_x_rQBgVkPSF_huN-fhgk0JR7JLr5SFRpw4ZKx1FfOM", "expire_date": "2025-01-21T12:36:32.922Z"}}, {"model": "sessions.session", "pk": "kleaaw5ulq3n6ql9apim0ga7yk1elngi", "fields": {"session_data": "e30:1tTkOv:3Zq_H2t59isN9d6KIjJhvXg1nVAOnM__HhAqRu00Jkw", "expire_date": "2025-01-17T16:19:53.847Z"}}, {"model": "sessions.session", "pk": "n7th3z4xda2ro953f2yrdcntbzr6mvuh", "fields": {"session_data": "e30:1tTaQC:I1fkJzqvzorbXZQTC62iDSdJHRYQPpmLmUqrXkF_l0I", "expire_date": "2025-01-17T05:40:32.035Z"}}, {"model": "sessions.session", "pk": "nc0cwz23jp5vo44ch6dzkpoczxdfup8e", "fields": {"session_data": "e30:1tTkiU:S01YwLnrNdy8t96WLX_ostHDz6duXAcsJLO5XMIFrYI", "expire_date": "2025-01-17T16:40:06.116Z"}}, {"model": "sessions.session", "pk": "oksuo90z65zfnspw0d02dkchrvc18q5z", "fields": {"session_data": ".eJxVi0sKAjEQRO-StQzdnUw-Lr2CBwid2CGDoJIYN-LdnQERhdpUvXpPFXncaxxdWlxOaq9Q7X63xPkslw30cZP2WPq1TRuejt9--Hz-xMq9rhZoEhQk64s1wmRKDjqR80Yja8cZgiEpgBkge5l5RkqWDDhjwxr1egMh5jRY:1tVPVm:Z64o_9fUrb1NwNyd1PxbPnwvxLAEd5QhnAHyX4UeDpk", "expire_date": "2025-01-22T06:25:50.268Z"}}, {"model": "sessions.session", "pk": "pdk3umuzv1el33w3epkk2ue05tv20d7a", "fields": {"session_data": "e30:1tTkkG:pFPnDqQmIIkjm3UVUVguoj-IbVZmTr1zxbQBRYHU09c", "expire_date": "2025-01-17T16:41:56.652Z"}}, {"model": "sessions.session", "pk": "tqgjqq89zct8b9dli6yusmcn6y85z4l3", "fields": {"session_data": "e30:1tTaPf:OQ0l5M_aykhLFKBDeiCqoKtf4VLpN32hu7Swm-uELPU", "expire_date": "2025-01-17T05:39:59.571Z"}}, {"model": "sessions.session", "pk": "u601ye99nexz5gs5c8xecl853wl238j7", "fields": {"session_data": "e30:1tTaOq:1JvpJ_FH8W8IFJ0iXkCSFUdywtFbEPMXwAhQVFp67u8", "expire_date": "2025-01-17T05:39:08.856Z"}}, {"model": "sessions.session", "pk": "wql4xv84jswv6pp74x7bh7w781roxzjd", "fields": {"session_data": "e30:1tTkYz:0o6Jd-hlFvcAV3SNs4KT0Vu_-75txr7iHivH-BBbhuo", "expire_date": "2025-01-17T16:30:17.124Z"}}, {"model": "supervisor.supervisor", "pk": 1, "fields": {"password": "pbkdf2_sha256$600000$QwLytuEHopB6As3UZ1dRzg$Cix9WmsKW3HVcDZQaYHtzxGCP4WznEenIaa9YB7AmTA=", "last_login": "2025-01-08T06:25:50.242Z", "is_superuser": true, "name": "Ruba", "email": "rubasalih900@gmail.com", "role": "supervisor", "is_active": true, "is_staff": true, "groups": [], "user_permissions": []}}, {"model": "disease.disease", "pk": 9, "fields": {"name": "Malaria", "description": "A disease caused by parasites transmitted through mosquito bites.", "created_by": 1}}, {"model": "disease.disease", "pk": 10, "fields": {"name": "Cholera", "description": "An infectious disease that causes severe diarrhea and dehydration.", "created_by": 1}}, {"model": "disease.disease", "pk": 11, "fields": {"name": "Typhoid", "description": "A bacterial infection causing high fever, weakness, and abdominal pain.", "created_by": 1}}, {"model": "disease.disease", "pk": 12, "fields": {"name": "COVID-19", "description": "A viral respiratory disease caused by the SARS-CoV-2 virus.", "created_by": 1}}, {"model": "disease.disease", "pk": 13, "fields": {"name": "Dengue Fever", "description": "A mosquito-borne viral disease causing high fever, rash, and muscle pain.", "created_by": 1}}, {"model": "hospital.hospital", "pk": 23, "fields": {"name": "Al Jazira Clinic", "state": 12, "supervisor": 1, "email": "jazira@hospital.com", "password": "pbkdf2_sha256$600000$JGEcSE7Vriq4IfyTZCX5bm$oPbYYrXg5aBJvjFpPpUZ4iU80U1MutvgVUKlVACpqDU=", "last_login": "2025-01-05T01:42:33.327Z"}}, {"model": "hospital.hospital", "pk": 24, "fields": {"name": "Khartoum General", "state": 1, "supervisor": 1, "email": "khartoum@hospital.com", "password": "pbkdf2_sha256$600000$y0kTSAXmuu4WYqCrXh6iwH$laPCgISOuAO9HFIvaMkwiZbJWNSwoJAdXrdKfZERpAM=", "last_login": "2025-01-08T06:09:31.428Z"}}, {"model": "hospital.hospital", "pk": 25, "fields": {"name": "Damazin General Hospital", "state": 11, "supervisor": 1, "email": "damazin@hospital.com", "password": "pbkdf2_sha256$600000$2jEVow5d5UCfmnKAyDM43d$qJpn8OGxfS1HifFN3fQaQbc/nl+b07fHeqbHa4gCKaQ=", "last_login": "2025-01-05T01:32:43.606Z"}}, {"model": "hospital.hospital", "pk": 26, "fields": {"name": "Al Baraha Hospital", "state": 4, "supervisor": 1, "email": "baraha@hospital.com", "password": "pbkdf2_sha256$600000$nJlbmWxUADEwdksmiZw3H7$iMhZb/xLD6c3041LWN9o1DPj9q1maXOIByKbYYGNcXM=", "last_login": "2025-01-05T01:29:59.393Z"}}, {"model": "hospital.hospital", "pk": 27, "fields": {"name": "Suba Universal Hospital", "state": 1, "supervisor": 1, "email": "suba@hospital.com", "password": "pbkdf2_sha256$600000$HUXDmMbxEHRqOYHghKjW5Q$pNvIC2KC9xpTcdfC5OlC7nJIedM+U9cl3GusvkPOkN8=", "last_login": "2025-01-08T04:22:00.124Z"}}, {"model": "hospital.hospitaltoken", "pk": 6, "fields": {"hospital": 23, "key": "519215adc0c6b72fc0f7e9686ee10e34f8d70371"}}, {"model": "state.state", "pk": 1, "fields": {"name": "Khartoum"}}, {"model": "state.state", "pk": 2, "fields": {"name": "Northern State"}}, {"model": "state.state", "pk": 3, "fields": {"name": "River Nile"}}, {"model": "state.state", "pk": 4, "fields": {"name": "Kassala"}}, {"model": "state.state", "pk": 5, "fields": {"name": "Gedaref"}}, {"model": "state.state", "pk": 6, "fields": {"name": "Red Sea"}}, {"model": "state.state", "pk": 7, "fields": {"name": "North Kordofan"}}, {"model": "state.state", "pk": 8, "fields": {"name": "South Kordofan"}}, {"model": "state.state", "pk": 9, "fields": {"name": "West Kordofan"}}, {"model": "state.state", "pk": 10, "fields": {"name": "White Nile"}}, {"model": "state.state", "pk": 11, "fields": {"name": "Blue Nile"}}, {"model": "state.state", "pk": 12, "fields": {"name": "Al Jazirah"}}, {"model": "state.state", "pk": 13, "fields": {"name": "Sennar"}}, {"model": "state.state", "pk": 14, "fields": {"name": "East Darfur"}}, {"model": "state.state", "pk": 15, "fields": {"name": "West Darfur"}}, {"model": "state.state", "pk": 16, "fields": {"name": "North Darfur"}}, {"model": "state.state", "pk": 17, "fields": {"name": "South Darfur"}}, {"model": "state.state", "pk": 18, "fields": {"name": "Central Darfur"}}, {"model": "case.case", "pk": 18, "fields": {"disease": 9, "hospital": 24, "patient_number": 1, "patient_age": 16, "patient_sex": "Male", "patient_blood_type": "AB+", "patient_status": "recovered", "main_symptom_causing_death": "", "alive": true, "season": "spring", "date_reported": "2025-01-04"}}, {"model": "case.case", "pk": 19, "fields": {"disease": 9, "hospital": 24, "patient_number": 2, "patient_age": 45, "patient_sex": "Male", "patient_blood_type": "B-", "patient_status": "under_treatment", "main_symptom_causing_death": "", "alive": true, "season": "winter", "date_reported": "2025-01-04"}}, {"model": "case.case", "pk": 20, "fields": {"disease": 13, "hospital": 24, "patient_number": 3, "patient_age": 24, "patient_sex": "Female", "patient_blood_type": "AB+", "patient_status": "deceased", "main_symptom_causing_death": "Fever", "alive": true, "season": "winter", "date_reported": "2025-01-04"}}, {"model": "case.case", "pk": 21, "fields": {"disease": 13, "hospital": 24, "patient_number": 4, "patient_age": 23, "patient_sex": "Male", "patient_blood_type": "A+", "patient_status": "deceased", "main_symptom_causing_death": "Blooding", "alive": true, "season": "autumn", "date_reported": "2025-01-04"}}, {"model": "case.case", "pk": 26, "fields": {"disease": 9, "hospital": 24, "patient_number": 5, "patient_age": 6, "patient_sex": "Male", "patient_blood_type": "A+", "patient_status": "recovered", "main_symptom_causing_death": "", "alive": true, "season": "winter", "date_reported": "2025-01-04"}}, {"model": "case.case", "pk": 27, "fields": {"disease": 10, "hospital": 24, "patient_number": 6, "patient_age": 34, "patient_sex": "Male", "patient_blood_type": "B+", "patient_status": "under_treatment", "main_symptom_causing_death": "", "alive": true, "season": "winter", "date_reported": "2025-01-04"}}, {"model": "case.case", "pk": 28, "fields": {"disease": 10, "hospital": 24, "patient_number": 7, "patient_age": 45, "patient_sex": "Female", "patient_blood_type": "A+", "patient_status": "deceased", "main_symptom_causing_death": "Fluid loss", "alive": true, "season": "winter", "date_reported": "2025-01-05"}}, {"model": "case.case", "pk": 29, "fields": {"disease": 12, "hospital": 24, "patient_number": 8, "patient_age": 34, "patient_sex": "Female", "patient_blood_type": "O-", "patient_status": "recovered", "main_symptom_causing_death": "", "alive": true, "season": "winter", "date_reported": "2025-01-05"}}, {"model": "case.case", "pk": 30, "fields": {"disease": 9, "hospital": 26, "patient_number": 1, "patient_age": 23, "patient_sex": "Female", "patient_blood_type": "A+", "patient_status": "deceased", "main_symptom_causing_death": "", "alive": true, "season": "autumn", "date_reported": "2025-01-05"}}, {"model": "case.case", "pk": 31, "fields": {"disease": 9, "hospital": 26, "patient_number": 2, "patient_age": 34, "patient_sex": "Male", "patient_blood_type": "A+", "patient_status": "under_treatment", "main_symptom_causing_death": "", "alive": true, "season": "autumn", "date_reported": "2025-01-05"}}, {"model": "case.case", "pk": 32, "fields": {"disease": 13, "hospital": 26, "patient_number": 3, "patient_age": 43, "patient_sex": "Male", "patient_blood_type": "B-", "patient_status": "under_treatment", "main_symptom_causing_death": "", "alive": true, "season": "autumn", "date_reported": "2025-01-05"}}, {"model": "case.case", "pk": 33, "fields": {"disease": 9, "hospital": 25, "patient_number": 1, "patient_age": 47, "patient_sex": "Male", "patient_blood_type": "AB-", "patient_status": "recovered", "main_symptom_causing_death": "", "alive": true, "season": "autumn", "date_reported": "2025-01-05"}}, {"model": "case.case", "pk": 34, "fields": {"disease": 10, "hospital": 25, "patient_number": 2, "patient_age": 32, "patient_sex": "Male", "patient_blood_type": "B+", "patient_status": "deceased", "main_symptom_causing_death": "Fluid loss", "alive": true, "season": "autumn", "date_reported": "2025-01-05"}}, {"model": "case.case", "pk": 35, "fields": {"disease": 12, "hospital": 25, "patient_number": 3, "patient_age": 18, "patient_sex": "Female", "patient_blood_type": "O-", "patient_status": "under_treatment", "main_symptom_causing_death": "", "alive": true, "season": "winter", "date_reported": "2025-01-05"}}, {"model": "case.case", "pk": 36, "fields": {"disease": 11, "hospital": 23, "patient_number": 1, "patient_age": 3, "patient_sex": "Male", "patient_blood_type": "O+", "patient_status": "under_treatment", "main_symptom_causing_death": "", "alive": true, "season": "autumn", "date_reported": "2025-01-05"}}, {"model": "case.case", "pk": 37, "fields": {"disease": 9, "hospital": 23, "patient_number": 2, "patient_age": 28, "patient_sex": "Female", "patient_blood_type": "A+", "patient_status": "recovered", "main_symptom_causing_death": "", "alive": true, "season": "winter", "date_reported": "2025-01-05"}}, {"model": "case.case", "pk": 38, "fields": {"disease": 9, "hospital": 24, "patient_number": 10, "patient_age": 52, "patient_sex": "Male", "patient_blood_type": "B+", "patient_status": "deceased", "main_symptom_causing_death": "Fever", "alive": true, "season": "summer", "date_reported": "2025-01-05"}}, {"model": "case.case", "pk": 41, "fields": {"disease": 13, "hospital": 24, "patient_number": 9, "patient_age": 16, "patient_sex": "Female", "patient_blood_type": "A+", "patient_status": "under_treatment", "main_symptom_causing_death": "", "alive": true, "season": "autumn", "date_reported": "2025-01-06"}}, {"model": "case.case", "pk": 43, "fields": {"disease": 9, "hospital": 24, "patient_number": 12, "patient_age": 28, "patient_sex": "Female", "patient_blood_type": "O+", "patient_status": "deceased", "main_symptom_causing_death": "Fever", "alive": true, "season": "autumn", "date_reported": "2025-01-07"}}, {"model": "case.case", "pk": 44, "fields": {"disease": 12, "hospital": 24, "patient_number": 11, "patient_age": 34, "patient_sex": "Male", "patient_blood_type": "A+", "patient_status": "under_treatment", "main_symptom_causing_death": "", "alive": true, "season": "winter", "date_reported": "2025-01-07"}}, {"model": "case.case", "pk": 45, "fields": {"disease": 10, "hospital": 24, "patient_number": 13, "patient_age": 19, "patient_sex": "Female", "patient_blood_type": "B+", "patient_status": "under_treatment", "main_symptom_causing_death": "Fluid loss", "alive": true, "season": "winter", "date_reported": "2025-01-08"}}]